{"train_loss": 0.15231405198574066, "valid_loss": 0.1403390516837438, "_runtime": 11, "_timestamp": 1662801481, "_step": 9, "_wandb": {"runtime": 11}}