{"train_loss": 1.1194182634353638, "valid_loss": 0.47040791312853497, "_runtime": 16, "_timestamp": 1663400752, "_step": 2, "_wandb": {"runtime": 17}}