{"train_loss": 1.0970953702926636, "valid_loss": 1.5270756880442302, "_runtime": 14, "_timestamp": 1663401715, "_step": 0, "_wandb": {"runtime": 15}}