{"train_loss": 1.0630532503128052, "valid_loss": 0.8388927181561788, "_runtime": 14, "_timestamp": 1663468709, "_step": 1, "_wandb": {"runtime": 15}}