{"train_loss": 0.021493852138519287, "valid_loss": 0.1300440107782682, "_runtime": 13, "_timestamp": 1662976798, "_step": 9, "_wandb": {"runtime": 11}}