{"train_loss": 1.0427298545837402, "valid_loss": 0.5289081831773123, "_runtime": 16, "_timestamp": 1663399547, "_step": 2}